{
  "batch_size": 32,
  "kernel_size": 5,
  "l1": 16,
  "l2": 16,
  "lr": 0.012020798190251777,
  "momentum": 0.8797321591097503
}