{
  "batch_size": 128,
  "kernel_size": 2,
  "l1": 16,
  "l2": 8,
  "lr": 0.08060283471577324,
  "momentum": 0.8861566910583021
}