{
  "batch_size": 32,
  "kernel_size": 5,
  "l1": 8,
  "l2": 16,
  "lr": 0.04200752434984951,
  "momentum": 0.8994122997317862
}