{
  "batch_size": 32,
  "kernel_size": 2,
  "l1": 8,
  "l2": 16,
  "lr": 0.01979507485457483,
  "momentum": 0.9127442326745149
}