{
  "batch_size": 32,
  "kernel_size": 2,
  "l1": 16,
  "l2": 8,
  "lr": 0.04666455520913431,
  "momentum": 0.8802113371650587
}