{
  "batch_size": 128,
  "kernel_size": 3,
  "l1": 16,
  "l2": 8,
  "lr": 0.03986064295572444,
  "momentum": 0.8898306011675008
}