{
  "batch_size": 32,
  "kernel_size": 5,
  "l1": 4,
  "l2": 16,
  "lr": 0.013634897454104901,
  "momentum": 0.8865358657371237
}