{
  "batch_size": 128,
  "kernel_size": 3,
  "l1": 16,
  "l2": 4,
  "lr": 0.056372066086210926,
  "momentum": 0.8531568260762469
}