{
  "batch_size": 128,
  "kernel_size": 2,
  "l1": 4,
  "l2": 8,
  "lr": 0.010535675415173366,
  "momentum": 0.8575863228810559
}