{
  "batch_size": 128,
  "kernel_size": 3,
  "l1": 4,
  "l2": 8,
  "lr": 0.07949929627616242,
  "momentum": 0.8283035379862669
}