{
  "batch_size": 64,
  "kernel_size": 3,
  "l1": 16,
  "l2": 8,
  "lr": 0.025105386735873658,
  "momentum": 0.842642444657528
}