{
  "batch_size": 16,
  "kernel_size": 2,
  "l1": 8,
  "l2": 4,
  "lr": 0.02238806559342982,
  "momentum": 0.8756977125306373
}