{
  "batch_size": 32,
  "kernel_size": 3,
  "l1": 16,
  "l2": 8,
  "lr": 0.04043450734582806,
  "momentum": 0.875380693012055
}