{
  "batch_size": 128,
  "kernel_size": 3,
  "l1": 16,
  "l2": 8,
  "lr": 0.02863141656710221,
  "momentum": 0.8714639915245285
}