{
  "batch_size": 32,
  "kernel_size": 5,
  "l1": 8,
  "l2": 8,
  "lr": 0.03336753571411557,
  "momentum": 0.8943409535692053
}