{
  "batch_size": 16,
  "kernel_size": 5,
  "l1": 4,
  "l2": 16,
  "lr": 0.02664459572648202,
  "momentum": 0.8062641902144349
}