{
  "batch_size": 128,
  "kernel_size": 2,
  "l1": 8,
  "l2": 16,
  "lr": 0.039941498592942784,
  "momentum": 0.9496354934798923
}