{
  "batch_size": 128,
  "kernel_size": 2,
  "l1": 16,
  "l2": 8,
  "lr": 0.02393551955572441,
  "momentum": 0.9682383025585565
}