{
  "batch_size": 128,
  "kernel_size": 2,
  "l1": 4,
  "l2": 16,
  "lr": 0.08743892345435192,
  "momentum": 0.8147179279509464
}