{
  "batch_size": 64,
  "kernel_size": 2,
  "l1": 4,
  "l2": 8,
  "lr": 0.09063118727141457,
  "momentum": 0.8495439116979839
}