{
  "batch_size": 16,
  "kernel_size": 5,
  "l1": 16,
  "l2": 16,
  "lr": 0.03182632028652227,
  "momentum": 0.8334896267804319
}