{
  "batch_size": 32,
  "kernel_size": 2,
  "l1": 4,
  "l2": 4,
  "lr": 0.021879136582538723,
  "momentum": 0.9141973159807925
}