{
  "batch_size": 32,
  "kernel_size": 3,
  "l1": 16,
  "l2": 8,
  "lr": 0.016701113705394767,
  "momentum": 0.9723368173869499
}