{
  "batch_size": 16,
  "kernel_size": 3,
  "l1": 4,
  "l2": 16,
  "lr": 0.018403674032786154,
  "momentum": 0.9172151712928552
}