{
  "batch_size": 64,
  "kernel_size": 3,
  "l1": 4,
  "l2": 4,
  "lr": 0.01289246486820116,
  "momentum": 0.9480071611940628
}