{
  "batch_size": 32,
  "kernel_size": 5,
  "l1": 8,
  "l2": 16,
  "lr": 0.02331387059380063,
  "momentum": 0.8817855679298635
}