{
  "batch_size": 128,
  "kernel_size": 5,
  "l1": 16,
  "l2": 16,
  "lr": 0.02466349300344087,
  "momentum": 0.9502169949338952
}