{
  "batch_size": 128,
  "kernel_size": 5,
  "l1": 16,
  "l2": 16,
  "lr": 0.011135212790166714,
  "momentum": 0.9083380799346833
}