{
  "batch_size": 128,
  "kernel_size": 3,
  "l1": 8,
  "l2": 4,
  "lr": 0.013263891538782492,
  "momentum": 0.8424113704132458
}