{
  "batch_size": 16,
  "kernel_size": 2,
  "l1": 8,
  "l2": 8,
  "lr": 0.01909587129334066,
  "momentum": 0.8655249018428202
}