{
  "batch_size": 16,
  "kernel_size": 3,
  "l1": 16,
  "l2": 4,
  "lr": 0.0687232539539119,
  "momentum": 0.9800674036891096
}