{
  "batch_size": 128,
  "kernel_size": 5,
  "l1": 16,
  "l2": 16,
  "lr": 0.03751948505686121,
  "momentum": 0.8420579445604175
}