{
  "batch_size": 64,
  "kernel_size": 2,
  "l1": 4,
  "l2": 8,
  "lr": 0.010674830221508851,
  "momentum": 0.9515240301208077
}