{
  "batch_size": 128,
  "kernel_size": 5,
  "l1": 8,
  "l2": 4,
  "lr": 0.03559013432739268,
  "momentum": 0.8760995661832163
}