{
  "batch_size": 32,
  "kernel_size": 5,
  "l1": 4,
  "l2": 16,
  "lr": 0.010010912849664669,
  "momentum": 0.9462863994400474
}