{
  "batch_size": 32,
  "kernel_size": 3,
  "l1": 4,
  "l2": 4,
  "lr": 0.03180838007495077,
  "momentum": 0.9605773289749162
}