{
  "batch_size": 128,
  "kernel_size": 3,
  "l1": 4,
  "l2": 4,
  "lr": 0.011010760855951486,
  "momentum": 0.9283072491026106
}