{
  "batch_size": 32,
  "kernel_size": 5,
  "l1": 4,
  "l2": 16,
  "lr": 0.012620135621573879,
  "momentum": 0.916223871746474
}