{
  "batch_size": 32,
  "kernel_size": 5,
  "l1": 8,
  "l2": 8,
  "lr": 0.010774872280500841,
  "momentum": 0.8444259811466969
}