{
  "batch_size": 32,
  "kernel_size": 5,
  "l1": 8,
  "l2": 16,
  "lr": 0.024641641843824464,
  "momentum": 0.8667573233851947
}