{
  "batch_size": 32,
  "kernel_size": 2,
  "l1": 4,
  "l2": 8,
  "lr": 0.032043300751265054,
  "momentum": 0.9272293796408502
}