{
  "batch_size": 32,
  "kernel_size": 3,
  "l1": 16,
  "l2": 8,
  "lr": 0.01736522472930341,
  "momentum": 0.9777191857782084
}