{
  "batch_size": 16,
  "kernel_size": 5,
  "l1": 8,
  "l2": 16,
  "lr": 0.08860473013750932,
  "momentum": 0.9836875140332255
}