{
  "batch_size": 128,
  "kernel_size": 3,
  "l1": 4,
  "l2": 8,
  "lr": 0.020192972887061962,
  "momentum": 0.9481695605906165
}