{
  "batch_size": 128,
  "kernel_size": 5,
  "l1": 4,
  "l2": 8,
  "lr": 0.07546484825574552,
  "momentum": 0.9189134406802641
}