{
  "batch_size": 64,
  "kernel_size": 3,
  "l1": 4,
  "l2": 16,
  "lr": 0.032519257626319555,
  "momentum": 0.9302061793364977
}