{
  "batch_size": 128,
  "kernel_size": 2,
  "l1": 4,
  "l2": 16,
  "lr": 0.06706181257508763,
  "momentum": 0.8632728694221192
}