{
  "batch_size": 64,
  "kernel_size": 3,
  "l1": 16,
  "l2": 4,
  "lr": 0.021490650780762385,
  "momentum": 0.8274181361772528
}