{
  "batch_size": 16,
  "kernel_size": 2,
  "l1": 16,
  "l2": 16,
  "lr": 0.014033786120461756,
  "momentum": 0.9328436201434118
}