{
  "batch_size": 16,
  "kernel_size": 2,
  "l1": 4,
  "l2": 4,
  "lr": 0.03003647863414275,
  "momentum": 0.9893602957341279
}