{
  "batch_size": 16,
  "kernel_size": 5,
  "l1": 8,
  "l2": 4,
  "lr": 0.015215105168957733,
  "momentum": 0.923627510761857
}