{
  "batch_size": 128,
  "kernel_size": 5,
  "l1": 16,
  "l2": 8,
  "lr": 0.028166776913523355,
  "momentum": 0.9026460097789115
}