{
  "batch_size": 32,
  "kernel_size": 3,
  "l1": 4,
  "l2": 8,
  "lr": 0.04424846012438181,
  "momentum": 0.8186074122683489
}