{
  "batch_size": 16,
  "kernel_size": 5,
  "l1": 8,
  "l2": 16,
  "lr": 0.0698032055318736,
  "momentum": 0.8359548870883743
}