{
  "batch_size": 64,
  "kernel_size": 3,
  "l1": 8,
  "l2": 4,
  "lr": 0.010749896147984491,
  "momentum": 0.8313735353194007
}