{
  "batch_size": 64,
  "kernel_size": 2,
  "l1": 16,
  "l2": 4,
  "lr": 0.021832763098974528,
  "momentum": 0.9548993083583666
}