{
  "batch_size": 16,
  "kernel_size": 2,
  "l1": 16,
  "l2": 16,
  "lr": 0.025750331056475784,
  "momentum": 0.8621685508278942
}