{
  "batch_size": 32,
  "kernel_size": 5,
  "l1": 4,
  "l2": 8,
  "lr": 0.09927141284791814,
  "momentum": 0.8825295054117848
}