{
  "batch_size": 16,
  "kernel_size": 2,
  "l1": 8,
  "l2": 16,
  "lr": 0.05033331322664845,
  "momentum": 0.8962431042360048
}