{
  "batch_size": 32,
  "kernel_size": 2,
  "l1": 4,
  "l2": 16,
  "lr": 0.025972011600803264,
  "momentum": 0.9407217889095696
}