{
  "batch_size": 64,
  "kernel_size": 2,
  "l1": 16,
  "l2": 16,
  "lr": 0.039219897208638,
  "momentum": 0.8060576443670376
}