{
  "batch_size": 32,
  "kernel_size": 3,
  "l1": 4,
  "l2": 4,
  "lr": 0.03135051309302974,
  "momentum": 0.9662733381148126
}