{
  "batch_size": 32,
  "kernel_size": 2,
  "l1": 4,
  "l2": 8,
  "lr": 0.056398936272018745,
  "momentum": 0.8949229187298553
}