{
  "batch_size": 16,
  "kernel_size": 2,
  "l1": 16,
  "l2": 8,
  "lr": 0.026327434136542382,
  "momentum": 0.9422595704097186
}