{
  "batch_size": 16,
  "kernel_size": 5,
  "l1": 4,
  "l2": 4,
  "lr": 0.011242068488684882,
  "momentum": 0.9640894624446357
}