{
  "batch_size": 16,
  "kernel_size": 2,
  "l1": 4,
  "l2": 8,
  "lr": 0.021294099530896508,
  "momentum": 0.9436242269564069
}