{
  "batch_size": 16,
  "kernel_size": 5,
  "l1": 16,
  "l2": 16,
  "lr": 0.03341784114196235,
  "momentum": 0.8568426417423264
}