{
  "batch_size": 32,
  "kernel_size": 5,
  "l1": 8,
  "l2": 8,
  "lr": 0.02024913692304281,
  "momentum": 0.8877427446658374
}