{
  "batch_size": 32,
  "kernel_size": 3,
  "l1": 8,
  "l2": 8,
  "lr": 0.012692935658172456,
  "momentum": 0.8367521821126608
}