{
  "batch_size": 64,
  "kernel_size": 5,
  "l1": 4,
  "l2": 4,
  "lr": 0.03411964469649243,
  "momentum": 0.8322353231897099
}