{
  "batch_size": 128,
  "kernel_size": 5,
  "l1": 4,
  "l2": 16,
  "lr": 0.01783145710115258,
  "momentum": 0.9702457880950087
}