{
  "batch_size": 16,
  "kernel_size": 5,
  "l1": 16,
  "l2": 8,
  "lr": 0.08931571214451944,
  "momentum": 0.8995354200406249
}