{
  "batch_size": 16,
  "kernel_size": 3,
  "l1": 4,
  "l2": 8,
  "lr": 0.020911245147220738,
  "momentum": 0.9822517079382143
}