{
  "batch_size": 32,
  "kernel_size": 3,
  "l1": 4,
  "l2": 4,
  "lr": 0.06421884688757123,
  "momentum": 0.9845781271115921
}