{
  "batch_size": 64,
  "kernel_size": 2,
  "l1": 4,
  "l2": 8,
  "lr": 0.07835641383362839,
  "momentum": 0.8394724828477859
}