{
  "batch_size": 16,
  "kernel_size": 3,
  "l1": 8,
  "l2": 16,
  "lr": 0.03462412927883527,
  "momentum": 0.9718962581313887
}