{
  "batch_size": 128,
  "kernel_size": 5,
  "l1": 8,
  "l2": 4,
  "lr": 0.06698532289070906,
  "momentum": 0.982482648491412
}