{
  "batch_size": 128,
  "kernel_size": 3,
  "l1": 8,
  "l2": 4,
  "lr": 0.019247649633800646,
  "momentum": 0.9846683969248884
}