{
  "batch_size": 32,
  "kernel_size": 5,
  "l1": 8,
  "l2": 16,
  "lr": 0.08782248734955962,
  "momentum": 0.9330723963590004
}