{
  "batch_size": 64,
  "kernel_size": 2,
  "l1": 8,
  "l2": 8,
  "lr": 0.026144316689118974,
  "momentum": 0.8652135033216742
}