{
  "batch_size": 128,
  "kernel_size": 3,
  "l1": 16,
  "l2": 4,
  "lr": 0.09183034611155512,
  "momentum": 0.9627093358088153
}