{
  "batch_size": 64,
  "kernel_size": 5,
  "l1": 16,
  "l2": 16,
  "lr": 0.041996824046484894,
  "momentum": 0.9688095957905185
}