{
  "batch_size": 64,
  "kernel_size": 2,
  "l1": 16,
  "l2": 4,
  "lr": 0.014649996669519685,
  "momentum": 0.8818816317310844
}