{
  "batch_size": 16,
  "kernel_size": 3,
  "l1": 4,
  "l2": 4,
  "lr": 0.016549821413370157,
  "momentum": 0.9334363119168155
}