{
  "batch_size": 32,
  "kernel_size": 2,
  "l1": 16,
  "l2": 16,
  "lr": 0.018239755763274707,
  "momentum": 0.8938696614711482
}