{
  "batch_size": 32,
  "kernel_size": 2,
  "l1": 4,
  "l2": 16,
  "lr": 0.0314565060223039,
  "momentum": 0.8051740481133385
}