{
  "batch_size": 64,
  "kernel_size": 5,
  "l1": 4,
  "l2": 16,
  "lr": 0.018506801217272675,
  "momentum": 0.978118166568649
}