{
  "batch_size": 16,
  "kernel_size": 3,
  "l1": 8,
  "l2": 8,
  "lr": 0.08503992408702045,
  "momentum": 0.8034099866801804
}