{
  "batch_size": 64,
  "kernel_size": 2,
  "l1": 16,
  "l2": 8,
  "lr": 0.07093345906617152,
  "momentum": 0.9088769616450639
}