{
  "batch_size": 16,
  "kernel_size": 5,
  "l1": 8,
  "l2": 16,
  "lr": 0.03252342364144414,
  "momentum": 0.8021986255739953
}