{
  "batch_size": 64,
  "kernel_size": 5,
  "l1": 4,
  "l2": 8,
  "lr": 0.08033916294369099,
  "momentum": 0.9069655007804718
}