{
  "batch_size": 32,
  "kernel_size": 2,
  "l1": 8,
  "l2": 8,
  "lr": 0.051100282360561314,
  "momentum": 0.9469042689830135
}