{
  "batch_size": 16,
  "kernel_size": 3,
  "l1": 8,
  "l2": 4,
  "lr": 0.01688635295412136,
  "momentum": 0.9056220919301465
}