{
  "batch_size": 128,
  "kernel_size": 2,
  "l1": 8,
  "l2": 8,
  "lr": 0.020907638714664247,
  "momentum": 0.884025884405933
}