{
  "batch_size": 128,
  "kernel_size": 2,
  "l1": 8,
  "l2": 4,
  "lr": 0.043362205020056666,
  "momentum": 0.8692141994408439
}