{
  "batch_size": 64,
  "kernel_size": 3,
  "l1": 16,
  "l2": 4,
  "lr": 0.011140052776317492,
  "momentum": 0.8594585503072795
}