{
  "batch_size": 16,
  "kernel_size": 2,
  "l1": 8,
  "l2": 4,
  "lr": 0.014475623509862909,
  "momentum": 0.9673378372111431
}