{
  "batch_size": 64,
  "kernel_size": 3,
  "l1": 8,
  "l2": 4,
  "lr": 0.012662410963350412,
  "momentum": 0.9540208676128114
}