{
  "batch_size": 16,
  "kernel_size": 2,
  "l1": 4,
  "l2": 8,
  "lr": 0.010715225723749137,
  "momentum": 0.9791212362777306
}