{
  "batch_size": 16,
  "kernel_size": 5,
  "l1": 16,
  "l2": 4,
  "lr": 0.03506082319548449,
  "momentum": 0.9540050683535746
}